uniqueid,startDateTime,endDateTime,device_id,GPS,UserName,SurveyStatus,TerminationReason
573913654,"10-07-2024 11:17:43","10-07-2024 15:09:55",,",",UNICEF,Submitted,
574483192,"10-07-2024 15:09:55","12-07-2024 12:27:36",,",",UNICEF,Submitted,
576260310,"19-07-2024 12:40:20","19-07-2024 13:04:43",,",",UNICEF,Submitted,
577378625,"24-07-2024 12:55:50","24-07-2024 13:06:18",,",",UNICEF,Submitted,
577994236,"24-07-2024 13:06:18","26-07-2024 11:21:48",,",",UNICEF,Submitted,
578003316,"26-07-2024 11:21:48","26-07-2024 12:06:16",,",",UNICEF,Submitted,
578020332,"26-07-2024 12:06:16","26-07-2024 13:19:46",,",",UNICEF,Submitted,
578027160,"26-07-2024 13:27:03","26-07-2024 13:48:08",,",",UNICEF,Submitted,
578030981,"26-07-2024 13:45:46","26-07-2024 14:02:19",,",",UNICEF,Submitted,
579412097,"25-07-2024 11:32:21","30-07-2024 16:13:26",,",",UNICEF,Submitted,
579686705,"31-07-2024 13:09:32","31-07-2024 13:23:05",,",",UNICEF,Submitted,
579694020,"31-07-2024 13:23:05","31-07-2024 13:45:58",,",",UNICEF,Submitted,
582088803,"26-07-2024 14:02:19","09-08-2024 11:58:05",,",",UNICEF,Submitted,
583503646,"30-07-2024 16:13:26","14-08-2024 11:47:42",,",",UNICEF,Submitted,
583509466,"19-07-2024 13:04:43","14-08-2024 12:06:07",,",",UNICEF,Submitted,
583520442,"09-08-2024 11:58:05","14-08-2024 12:40:28",,",",UNICEF,Submitted,
583541741,"14-08-2024 12:06:07","14-08-2024 13:54:10",,",",UNICEF,Submitted,
584145466,"14-08-2024 12:40:28","16-08-2024 10:49:25",,",",UNICEF,Submitted,
584153505,"14-08-2024 11:47:42","16-08-2024 11:46:57",,",",UNICEF,Submitted,
584159778,"16-08-2024 11:07:00","16-08-2024 12:20:00",,",",UNICEF,Submitted,
584169470,"14-08-2024 13:54:10","16-08-2024 13:05:57",,",",UNICEF,Submitted,
584182768,"16-08-2024 13:05:57","16-08-2024 14:06:44",,",",UNICEF,Submitted,
585604759,"21-08-2024 11:37:45","21-08-2024 13:43:41",,",",UNICEF,Submitted,
586254299,"21-08-2024 13:43:41","23-08-2024 13:33:36",,",",UNICEF,Submitted,
586267531,"26-07-2024 13:19:46","23-08-2024 14:12:21",,",",UNICEF,Submitted,
586300859,"23-08-2024 14:12:21","23-08-2024 15:30:30",,",",UNICEF,Submitted,
586310389,"23-08-2024 13:33:37","23-08-2024 15:57:28",,",",UNICEF,Submitted,
587840086,"28-08-2024 11:49:31","28-08-2024 12:11:49",,",",UNICEF,Submitted,
590902069,"28-08-2024 12:50:18","04-09-2024 13:00:24",,",",UNICEF,Submitted,
590936334,"28-08-2024 12:11:49","04-09-2024 13:58:41",,",",UNICEF,Submitted,
591479368,"23-08-2024 11:40:27","05-09-2024 12:26:11",,",",UNICEF,Submitted,
591479658,"23-08-2024 13:39:54","05-09-2024 12:27:21",,",",UNICEF,Submitted,
591479808,"23-08-2024 11:23:42","05-09-2024 12:27:51",,",",UNICEF,Submitted,
591480047,"29-08-2024 23:41:18","05-09-2024 12:28:31",,",",UNICEF,Submitted,
591480399,"04-09-2024 12:25:04","05-09-2024 12:29:27",,",",UNICEF,Submitted,
591953437,"23-08-2024 15:30:31","06-09-2024 15:37:57",,",",UNICEF,Submitted,
593692037,"11-09-2024 11:36:14","11-09-2024 11:57:36",,",",UNICEF,Submitted,
593719851,"04-09-2024 13:58:41","11-09-2024 13:00:19",,",",UNICEF,Submitted,
593735687,"11-09-2024 11:57:36","11-09-2024 13:34:52",,",",UNICEF,Submitted,
595832978,"18-09-2024 11:48:15","18-09-2024 12:15:08",,",",UNICEF,Submitted,
595843158,"11-09-2024 13:34:52","18-09-2024 12:46:40",,",",UNICEF,Submitted,
595843708,"18-09-2024 12:25:15","18-09-2024 12:48:17",,",",UNICEF,Submitted,
595863325,"18-09-2024 13:26:42","18-09-2024 13:38:48",,",",UNICEF,Submitted,
595864161,"18-09-2024 12:46:40","18-09-2024 13:40:52",,",",UNICEF,Submitted,
596619815,"18-09-2024 12:45:27","20-09-2024 12:22:49",,",",UNICEF,Submitted,
596635447,"06-09-2024 15:37:58","20-09-2024 13:17:29",,",",UNICEF,Submitted,
596656206,"20-09-2024 12:22:50","20-09-2024 14:15:07",,",",UNICEF,Submitted,
596661479,"20-09-2024 13:17:29","20-09-2024 14:29:11",,",",UNICEF,Submitted,
596682050,"18-09-2024 12:48:17","20-09-2024 15:17:04",,",",UNICEF,Submitted,
598731945,"05-09-2024 12:29:27","24-09-2024 13:00:35",,",",UNICEF,Submitted,
599898837,"27-09-2024 12:10:56","27-09-2024 12:37:15",,",",UNICEF,Submitted,
599911233,"20-09-2024 15:17:05","27-09-2024 13:30:42",,",",UNICEF,Submitted,
599915261,"27-09-2024 12:37:15","27-09-2024 13:47:49",,",",UNICEF,Submitted,
602300176,"03-10-2024 12:17:09","03-10-2024 12:24:17",,",",UNICEF,Submitted,
602795381,"24-09-2024 13:00:35","04-10-2024 12:03:19",,",",UNICEF,Submitted,
602810319,"18-09-2024 13:38:48","04-10-2024 13:02:26",,",",UNICEF,Submitted,
602814137,"04-10-2024 12:03:19","04-10-2024 13:16:09",,",",UNICEF,Submitted,
602819814,"04-10-2024 13:02:26","04-10-2024 13:35:46",,",",UNICEF,Submitted,
609516994,"04-10-2024 13:35:46","16-10-2024 11:45:14",,",",UNICEF,Submitted,
609527329,"16-10-2024 11:03:43","16-10-2024 12:17:48",,",",UNICEF,Submitted,
609547617,"16-10-2024 12:05:56","16-10-2024 13:13:40",,",",UNICEF,Submitted,
609553365,"16-10-2024 11:45:14","16-10-2024 13:31:50",,",",UNICEF,Submitted,
609559614,"03-10-2024 12:24:17","16-10-2024 13:48:46",,",",UNICEF,Submitted,
609584286,"16-10-2024 13:48:46","16-10-2024 14:49:17",,",",UNICEF,Submitted,
609585526,"04-10-2024 13:16:09","16-10-2024 14:52:30",,",",UNICEF,Submitted,
609585668,"16-10-2024 11:51:16","16-10-2024 14:52:52",,",",UNICEF,Submitted,
609596697,"16-10-2024 14:43:55","16-10-2024 15:16:40",,",",UNICEF,Submitted,
610500800,"18-10-2024 12:12:00","18-10-2024 12:22:16",,",",UNICEF,Submitted,
610513222,"18-10-2024 12:52:54","18-10-2024 13:03:59",,",",UNICEF,Submitted,
610529598,"16-10-2024 14:49:17","18-10-2024 13:54:21",,",",UNICEF,Submitted,
610531151,"18-10-2024 11:33:45","18-10-2024 13:59:21",,",",UNICEF,Submitted,
613239988,"16-10-2024 14:52:52","22-10-2024 13:27:13",,",",UNICEF,Submitted,
613698277,"18-10-2024 13:54:22","23-10-2024 13:35:50",,",",UNICEF,Submitted,
613701774,"22-10-2024 13:27:13","23-10-2024 13:44:39",,",",UNICEF,Submitted,
614444430,"23-10-2024 13:35:50","25-10-2024 11:21:03",,",",UNICEF,Submitted,
614462554,"23-10-2024 13:44:39","25-10-2024 12:54:52",,",",UNICEF,Submitted,
614479446,"25-10-2024 11:21:03","25-10-2024 14:16:28",,",",UNICEF,Submitted,
620433051,"13-11-2024 11:55:01","13-11-2024 12:25:53",,",",UNICEF,Submitted,
620463113,"13-11-2024 12:25:53","13-11-2024 14:01:28",,",",UNICEF,Submitted,
620465775,"13-11-2024 13:50:06","13-11-2024 14:10:21",,",",UNICEF,Submitted,
621064031,"13-11-2024 14:01:28","15-11-2024 12:13:42",,",",UNICEF,Submitted,
621068729,"13-11-2024 14:10:21","15-11-2024 12:35:30",,",",UNICEF,Submitted,
621076143,"15-11-2024 12:13:42","15-11-2024 13:12:40",,",",UNICEF,Submitted,
624341253,"13-11-2024 12:29:11","27-11-2024 12:06:01",,",",UNICEF,Submitted,
624362633,"25-10-2024 12:54:52","27-11-2024 13:28:13",,",",UNICEF,Submitted,
624364094,"27-11-2024 13:13:17","27-11-2024 13:33:06",,",",UNICEF,Submitted,
624391101,"27-11-2024 13:33:06","27-11-2024 15:01:20",,",",UNICEF,Submitted,
625463466,"25-10-2024 14:16:28","01-12-2024 18:36:32",,",",UNICEF,Submitted,
625464539,"01-12-2024 18:36:32","01-12-2024 18:41:41",,",",UNICEF,Submitted,
626147725,"04-12-2024 12:02:05","04-12-2024 12:16:16",,",",UNICEF,Submitted,
626153313,"20-09-2024 14:29:11","04-12-2024 12:41:42",,",",UNICEF,Submitted,
626168336,"04-12-2024 12:16:16","04-12-2024 13:37:57",,",",UNICEF,Submitted,
626201064,"01-12-2024 18:41:41","04-12-2024 15:24:17",,",",UNICEF,Submitted,
626220189,"04-12-2024 15:24:17","04-12-2024 16:20:01",,",",UNICEF,Submitted,
626706913,"27-11-2024 13:28:13","06-12-2024 12:02:28",,",",UNICEF,Submitted,
626707814,"04-12-2024 16:20:01","06-12-2024 12:08:15",,",",UNICEF,Submitted,
626712289,"06-12-2024 12:08:15","06-12-2024 12:40:38",,",",UNICEF,Submitted,
626719659,"04-12-2024 13:37:57","06-12-2024 13:18:54",,",",UNICEF,Submitted,
626750210,"06-12-2024 14:13:49","06-12-2024 15:43:41",,",",UNICEF,Submitted,
627985325,"06-12-2024 12:40:39","11-12-2024 12:18:57",,",",UNICEF,Submitted,
628018117,"06-12-2024 13:18:54","11-12-2024 14:01:14",,",",UNICEF,Submitted,
628614167,"11-12-2024 12:18:58","13-12-2024 14:19:48",,",",UNICEF,Submitted,
630577511,"27-11-2024 15:01:20","20-12-2024 12:35:55",,",",UNICEF,Submitted,
630583555,"20-12-2024 12:36:33","20-12-2024 12:59:11",,",",UNICEF,Submitted,
630584934,"15-11-2024 12:35:30","20-12-2024 13:05:01",,",",UNICEF,Submitted,
630638370,"06-12-2024 12:02:28","20-12-2024 16:40:10",,",",UNICEF,Submitted,
630639505,"06-12-2024 13:22:35","20-12-2024 16:43:52",,",",UNICEF,Submitted,
630641421,"11-12-2024 13:39:20","20-12-2024 16:49:53",,",",UNICEF,Submitted,
632878987,"26-12-2024 09:01:40","26-12-2024 14:08:39",,",",UNICEF,Submitted,
632881531,"27-12-2024 12:21:22","27-12-2024 12:39:13",,",",UNICEF,Submitted,
634078743,"20-12-2024 16:49:53","03-01-2025 12:02:44",,",",UNICEF,Submitted,
634089155,"20-12-2024 13:05:01","03-01-2025 13:32:06",,",",UNICEF,Submitted,
634227758,"04-01-2025 13:47:07","04-01-2025 13:53:43",,",",UNICEF,Submitted,
635126723,"03-01-2025 13:32:07","08-01-2025 13:14:15",,",",UNICEF,Submitted,
635140447,"08-01-2025 13:48:14","08-01-2025 14:06:30",,",",UNICEF,Submitted,
635180133,"04-01-2025 13:53:43","08-01-2025 16:04:19",,",",UNICEF,Submitted,
635181936,"08-01-2025 16:04:19","08-01-2025 16:09:36",,",",UNICEF,Submitted,
635264005,"25-12-2024 18:27:06","08-01-2025 20:13:53",,",",UNICEF,Submitted,
635449812,"08-01-2025 20:13:53","09-01-2025 15:33:29",,",",UNICEF,Submitted,
635723693,"08-01-2025 13:14:15","10-01-2025 12:35:17",,",",UNICEF,Submitted,
635818968,"09-01-2025 15:33:29","10-01-2025 15:27:59",,",",UNICEF,Submitted,
636034419,"08-01-2025 16:09:36","11-01-2025 12:37:49",,",",UNICEF,Submitted,
636035062,"10-01-2025 21:04:37","11-01-2025 12:43:29",,",",UNICEF,Submitted,
636918372,"10-01-2025 15:27:59","15-01-2025 14:13:11",,",",UNICEF,Submitted,
636919258,"10-01-2025 12:35:17","15-01-2025 14:16:07",,",",UNICEF,Submitted,
637346648,"11-01-2025 12:43:29","16-01-2025 21:27:47",,",",UNICEF,Submitted,
637434305,"17-01-2025 11:38:54","17-01-2025 11:59:46",,",",UNICEF,Submitted,
637444435,"15-01-2025 14:13:11","17-01-2025 12:44:01",,",",UNICEF,Submitted,
638348598,"16-01-2025 21:27:47","21-01-2025 18:20:50",,",",UNICEF,Submitted,
638566868,"17-01-2025 12:44:01","22-01-2025 15:01:28",,",",UNICEF,Submitted,
639111674,"24-01-2025 11:51:33","24-01-2025 12:38:15",,",",UNICEF,Submitted,
639136459,"21-01-2025 18:20:50","24-01-2025 14:21:13",,",",UNICEF,Submitted,
640331062,"24-01-2025 12:38:15","29-01-2025 13:59:45",,",",UNICEF,Submitted,
640357400,"29-01-2025 13:59:45","29-01-2025 15:18:58",,",",UNICEF,Submitted,
640886448,"29-01-2025 15:18:58","31-01-2025 13:12:18",,",",UNICEF,Submitted,
641959182,"17-01-2025 11:59:46","05-02-2025 15:14:04",,",",UNICEF,Submitted,
642386837,"07-02-2025 11:39:33","07-02-2025 11:56:34",,",",UNICEF,Submitted,
642397327,"07-02-2025 12:38:45","07-02-2025 13:05:42",,",",UNICEF,Submitted,
642416385,"05-02-2025 15:14:04","07-02-2025 14:52:52",,",",UNICEF,Submitted,
642486637,"22-01-2025 15:01:28","07-02-2025 20:22:49",,",",UNICEF,Submitted,
643423964,"08-01-2025 14:06:30","12-02-2025 12:58:12",,",",UNICEF,Submitted,
643436459,"12-02-2025 11:58:56","12-02-2025 13:37:55",,",",UNICEF,Submitted,
643437365,"12-02-2025 10:59:15","12-02-2025 13:40:47",,",",UNICEF,Submitted,
643534896,"07-02-2025 20:22:49","12-02-2025 18:44:19",,",",UNICEF,Submitted,
643954755,"12-02-2025 13:37:55","14-02-2025 11:45:41",,",",UNICEF,Submitted,
643962037,"14-02-2025 11:26:49","14-02-2025 12:31:51",,",",UNICEF,Submitted,
643963731,"14-02-2025 12:15:40","14-02-2025 12:42:38",,",",UNICEF,Submitted,
643977693,"12-02-2025 18:44:19","14-02-2025 13:59:53",,",",UNICEF,Submitted,
643985436,"27-12-2024 11:32:36","14-02-2025 14:32:14",,",",UNICEF,Submitted,
644174501,"12-02-2025 12:58:12","13-02-2025 12:40:04",,",",UNICEF,Submitted,
644174503,"13-02-2025 12:40:04","13-02-2025 14:12:48",,",",UNICEF,Submitted,
644174504,"15-02-2025 12:11:47","15-02-2025 12:20:22",,",",UNICEF,Submitted,
644174505,"15-02-2025 12:20:22","15-02-2025 12:20:22",,",",UNICEF,Submitted,
644370220,"12-02-2025 12:58:12","13-02-2025 12:40:04",,",",UNICEF,Submitted,
644370224,"15-02-2025 12:11:47","15-02-2025 12:20:22",,",",UNICEF,Submitted,
645293820,"19-02-2025 11:48:10","19-02-2025 12:28:48",,",",UNICEF,Submitted,
645300768,"19-02-2025 12:18:36","19-02-2025 12:56:43",,",",UNICEF,Submitted,
645322048,"14-02-2025 13:59:53","19-02-2025 14:04:23",,",",UNICEF,Submitted,
645935957,"21-02-2025 11:18:22","21-02-2025 11:43:29",,",",UNICEF,Submitted,
645939660,"21-02-2025 11:06:36","21-02-2025 12:07:29",,",",UNICEF,Submitted,
645946015,"21-02-2025 12:15:30","21-02-2025 12:39:47",,",",UNICEF,Submitted,
645946596,"14-02-2025 11:45:41","21-02-2025 12:43:32",,",",UNICEF,Submitted,
645950515,"21-02-2025 12:47:25","21-02-2025 13:01:41",,",",UNICEF,Submitted,
645950724,"21-02-2025 12:07:29","21-02-2025 13:03:03",,",",UNICEF,Submitted,
645972811,"19-02-2025 14:04:23","21-02-2025 14:51:32",,",",UNICEF,Submitted,
645993138,"11-02-2025 13:40:27","21-02-2025 16:20:47",,",",UNICEF,Submitted,
646516044,"21-02-2025 12:43:32","24-02-2025 13:12:23",,",",UNICEF,Submitted,
646819676,"21-02-2025 13:01:41","25-02-2025 13:22:37",,",",UNICEF,Submitted,
646833601,"25-02-2025 13:28:33","25-02-2025 14:02:28",,",",UNICEF,Submitted,
646837634,"21-02-2025 13:00:34","25-02-2025 14:14:28",,",",UNICEF,Submitted,
646851330,"25-02-2025 14:07:03","25-02-2025 14:45:48",,",",UNICEF,Submitted,
647373754,"24-01-2025 14:21:13","27-02-2025 07:18:33",,",",UNICEF,Submitted,
647373925,"21-02-2025 16:20:47","27-02-2025 07:21:42",,",",UNICEF,Submitted,
647725178,"28-02-2025 11:33:17","28-02-2025 11:55:59",,",",UNICEF,Submitted,
647736837,"28-02-2025 12:10:17","28-02-2025 12:34:39",,",",UNICEF,Submitted,
647743048,"25-02-2025 14:45:48","28-02-2025 12:54:25",,",",UNICEF,Submitted,
647761302,"21-02-2025 14:51:32","28-02-2025 14:10:14",,",",UNICEF,Submitted,
647764772,"25-02-2025 14:14:28","28-02-2025 14:23:50",,",",UNICEF,Submitted,
647765095,"27-02-2025 07:21:42","28-02-2025 14:25:07",,",",UNICEF,Submitted,
647976361,"28-02-2025 12:54:25","01-03-2025 13:26:22",,",",UNICEF,Submitted,
648768222,"05-03-2025 11:58:59","05-03-2025 12:30:54",,",",UNICEF,Submitted,
648778962,"28-02-2025 14:25:07","05-03-2025 12:59:47",,",",UNICEF,Submitted,
648785411,"05-03-2025 13:00:07","05-03-2025 13:18:00",,",",UNICEF,Submitted,
648787490,"05-03-2025 11:07:34","05-03-2025 13:25:08",,",",UNICEF,Submitted,
648790447,"28-02-2025 14:10:14","05-03-2025 13:35:21",,",",UNICEF,Submitted,
648793528,"05-03-2025 13:23:49","05-03-2025 13:45:59",,",",UNICEF,Submitted,
648830095,"05-03-2025 13:45:59","05-03-2025 15:18:47",,",",UNICEF,Submitted,
648938014,"05-03-2025 21:10:11","05-03-2025 21:29:42",,",",UNICEF,Submitted,
649305585,"07-03-2025 11:31:37","07-03-2025 11:54:01",,",",UNICEF,Submitted,
649329507,"05-03-2025 13:25:32","07-03-2025 13:14:10",,",",UNICEF,Submitted,
649330161,"21-02-2025 13:03:03","07-03-2025 13:16:38",,",",UNICEF,Submitted,
649332407,"05-03-2025 13:35:21","07-03-2025 13:26:43",,",",UNICEF,Submitted,
649334784,"07-03-2025 13:16:38","07-03-2025 13:38:34",,",",UNICEF,Submitted,
649338224,"05-03-2025 15:18:47","07-03-2025 13:56:41",,",",UNICEF,Submitted,
649395062,"05-03-2025 21:29:42","07-03-2025 17:12:09",,",",UNICEF,Submitted,
649503495,"07-03-2025 11:08:45","08-03-2025 07:24:21",,",",UNICEF,Submitted,
649630372,"05-03-2025 12:59:47","08-03-2025 20:45:23",,",",UNICEF,Submitted,
649631119,"05-03-2025 14:51:40","08-03-2025 20:50:43",,",",UNICEF,Submitted,
649875907,"10-03-2025 11:41:32","10-03-2025 11:56:28",,",",UNICEF,Submitted,
649931401,"07-03-2025 17:12:09","10-03-2025 14:55:21",,",",UNICEF,Submitted,
650403110,"12-03-2025 11:15:23","12-03-2025 11:33:12",,",",UNICEF,Submitted,
650412800,"12-03-2025 12:12:17","12-03-2025 12:23:49",,",",UNICEF,Submitted,
650418822,"07-03-2025 13:26:43","12-03-2025 12:49:31",,",",UNICEF,Submitted,
650420708,"10-03-2025 14:55:21","12-03-2025 12:56:08",,",",UNICEF,Submitted,
650422411,"07-03-2025 13:14:57","12-03-2025 13:03:07",,",",UNICEF,Submitted,
650432018,"07-03-2025 13:56:41","12-03-2025 13:43:47",,",",UNICEF,Submitted,
651400429,"17-03-2025 11:40:54","17-03-2025 11:57:29",,",",UNICEF,Submitted,
651418943,"12-03-2025 11:33:12","17-03-2025 13:30:06",,",",UNICEF,Submitted,
651861941,"19-03-2025 11:24:12","19-03-2025 11:46:08",,",",UNICEF,Submitted,
651871590,"12-03-2025 12:49:31","19-03-2025 12:38:56",,",",UNICEF,Submitted,
651877471,"12-03-2025 12:56:08","19-03-2025 13:06:53",,",",UNICEF,Submitted,
651887924,"12-03-2025 13:04:18","19-03-2025 13:48:03",,",",UNICEF,Submitted,
651931198,"17-03-2025 13:30:06","19-03-2025 16:29:57",,",",UNICEF,Submitted,
652321498,"21-03-2025 11:18:07","21-03-2025 11:55:08",,",",UNICEF,Submitted,
652326528,"19-03-2025 13:06:53","21-03-2025 12:32:41",,",",UNICEF,Submitted,
652330136,"21-03-2025 11:30:01","21-03-2025 12:52:39",,",",UNICEF,Submitted,
652334913,"19-03-2025 13:48:20","21-03-2025 13:18:37",,",",UNICEF,Submitted,
652357888,"21-03-2025 15:06:50","21-03-2025 15:23:15",,",",UNICEF,Submitted,
652362892,"19-03-2025 12:38:56","21-03-2025 15:47:53",,",",UNICEF,Submitted,
652533683,"21-03-2025 15:47:53","22-03-2025 15:26:33",,",",UNICEF,Submitted,
652836915,"21-03-2025 12:32:41","24-03-2025 14:15:14",,",",UNICEF,Submitted,
653268854,"26-03-2025 11:41:35","26-03-2025 11:53:25",,",",UNICEF,Submitted,
653279090,"21-03-2025 14:22:59","26-03-2025 12:41:58",,",",UNICEF,Submitted,
653283080,"24-03-2025 14:15:14","26-03-2025 12:57:55",,",",UNICEF,Submitted,
653291015,"19-03-2025 16:29:57","26-03-2025 13:34:30",,",",UNICEF,Submitted,
653299587,"22-03-2025 15:26:34","26-03-2025 14:13:05",,",",UNICEF,Submitted,
653314103,"08-03-2025 20:50:43","26-03-2025 15:13:33",,",",UNICEF,Submitted,
653316014,"12-03-2025 12:57:19","26-03-2025 15:20:33",,",",UNICEF,Submitted,
653710244,"28-03-2025 10:56:05","28-03-2025 11:34:17",,",",UNICEF,Submitted,
653714289,"26-03-2025 12:57:55","28-03-2025 12:07:48",,",",UNICEF,Submitted,
653719678,"26-03-2025 14:13:05","28-03-2025 12:48:27",,",",UNICEF,Submitted,
653721265,"26-03-2025 13:34:30","28-03-2025 12:57:16",,",",UNICEF,Submitted,
653734614,"28-03-2025 13:48:52","28-03-2025 14:00:12",,",",UNICEF,Submitted,
653927624,"28-03-2025 14:00:12","29-03-2025 14:01:56",,",",UNICEF,Submitted,
653931810,"26-03-2025 15:20:33","29-03-2025 14:32:45",,",",UNICEF,Submitted,
654515457,"02-04-2025 10:40:52","02-04-2025 10:55:07",,",",UNICEF,Submitted,
654516961,"28-03-2025 12:57:16","02-04-2025 11:01:04",,",",UNICEF,Submitted,
654537120,"21-03-2025 12:52:39","02-04-2025 12:05:07",,",",UNICEF,Submitted,
654551499,"28-03-2025 12:48:28","02-04-2025 12:43:38",,",",UNICEF,Submitted,
654556514,"29-03-2025 14:32:45","02-04-2025 12:57:22",,",",UNICEF,Submitted,
654562563,"28-03-2025 12:07:48","02-04-2025 13:16:06",,",",UNICEF,Submitted,
654564903,"12-03-2025 13:43:48","02-04-2025 13:25:03",,",",UNICEF,Submitted,
655019592,"04-04-2025 10:34:32","04-04-2025 10:55:10",,",",UNICEF,Submitted,
655033217,"02-04-2025 11:01:04","04-04-2025 11:37:02",,",",UNICEF,Submitted,
655046865,"02-04-2025 13:16:06","04-04-2025 12:15:48",,",",UNICEF,Submitted,
655052548,"02-04-2025 13:25:03","04-04-2025 12:33:30",,",",UNICEF,Submitted,
655076892,"02-04-2025 12:43:38","04-04-2025 14:12:55",,",",UNICEF,Submitted,
655275278,"02-04-2025 12:05:07","05-04-2025 11:55:27",,",",UNICEF,Submitted,
655661477,"04-04-2025 11:37:02","07-04-2025 15:21:48",,",",UNICEF,Submitted,
656139168,"09-04-2025 11:15:46","09-04-2025 11:22:48",,",",UNICEF,Submitted,
656141204,"07-04-2025 15:21:48","09-04-2025 11:29:45",,",",UNICEF,Submitted,
656154385,"05-04-2025 11:55:27","09-04-2025 12:08:12",,",",UNICEF,Submitted,
656161531,"21-03-2025 13:18:58","09-04-2025 12:30:33",,",",UNICEF,Submitted,
656171503,"04-04-2025 14:12:55","09-04-2025 13:01:08",,",",UNICEF,Submitted,
656196164,"04-04-2025 12:33:30","09-04-2025 14:21:13",,",",UNICEF,Submitted,
656219437,"04-04-2025 12:15:48","09-04-2025 15:35:40",,",",UNICEF,Submitted,
656424008,"09-04-2025 13:01:08","10-04-2025 13:16:58",,",",UNICEF,Submitted,
656628358,"09-04-2025 12:08:12","11-04-2025 11:04:00",,",",UNICEF,Submitted,
656638397,"11-04-2025 12:02:22","11-04-2025 12:09:51",,",",UNICEF,Submitted,
656639041,"11-04-2025 11:50:39","11-04-2025 12:14:07",,",",UNICEF,Submitted,
656639596,"09-04-2025 12:30:45","11-04-2025 12:17:40",,",",UNICEF,Submitted,
656641709,"11-04-2025 11:56:40","11-04-2025 12:30:32",,",",UNICEF,Submitted,
656646903,"09-04-2025 14:21:13","11-04-2025 12:58:34",,",",UNICEF,Submitted,
656649233,"11-04-2025 12:29:24","11-04-2025 13:13:09",,",",UNICEF,Submitted,
656652741,"10-04-2025 13:16:58","11-04-2025 13:37:38",,",",UNICEF,Submitted,
656652966,"09-04-2025 11:29:45","11-04-2025 13:39:22",,",",UNICEF,Submitted,
657142338,"11-04-2025 13:13:09","14-04-2025 14:42:55",,",",UNICEF,Submitted,
657564892,"11-04-2025 11:04:00","16-04-2025 11:22:03",,",",UNICEF,Submitted,
657568793,"09-04-2025 11:24:39","16-04-2025 11:43:26",,",",UNICEF,Submitted,
657569029,"16-04-2025 10:49:02","16-04-2025 11:45:20",,",",UNICEF,Submitted,
657580299,"11-04-2025 12:17:59","16-04-2025 12:41:00",,",",UNICEF,Submitted,
657580373,"11-04-2025 12:58:34","16-04-2025 12:41:13",,",",UNICEF,Submitted,
657595670,"11-04-2025 12:09:51","16-04-2025 13:46:51",,",",UNICEF,Submitted,
658013659,"18-04-2025 09:54:53","18-04-2025 10:02:48",,",",UNICEF,Submitted,
658023654,"16-04-2025 11:43:26","18-04-2025 12:00:00",,",",UNICEF,Submitted,
658025358,"11-04-2025 13:37:38","18-04-2025 12:17:44",,",",UNICEF,Submitted,
658027383,"11-04-2025 13:39:23","18-04-2025 12:36:36",,",",UNICEF,Submitted,
658027412,"16-04-2025 11:22:03","18-04-2025 12:36:55",,",",UNICEF,Submitted,
658029168,"16-04-2025 13:46:52","18-04-2025 12:50:33",,",",UNICEF,Submitted,
658034022,"18-04-2025 12:17:44","18-04-2025 13:31:37",,",",UNICEF,Submitted,
658090736,"02-04-2025 12:57:22","18-04-2025 19:06:26",,",",UNICEF,Submitted,
658091045,"04-04-2025 12:36:13","18-04-2025 19:10:21",,",",UNICEF,Submitted,
658099013,"09-04-2025 12:16:22","18-04-2025 20:00:42",,",",UNICEF,Submitted,
658099951,"11-04-2025 12:51:48","18-04-2025 20:05:27",,",",UNICEF,Submitted,
658123500,"11-04-2025 18:56:45","18-04-2025 22:36:45",,",",UNICEF,Submitted,
658179057,"16-04-2025 12:41:10","19-04-2025 13:02:24",,",",UNICEF,Submitted,
658877289,"23-04-2025 09:22:00","23-04-2025 09:32:09",,",",UNICEF,Submitted,
658900511,"18-04-2025 12:36:36","23-04-2025 12:16:25",,",",UNICEF,Submitted,
658956147,"18-04-2025 13:31:37","23-04-2025 16:16:19",,",",UNICEF,Submitted,
659143144,"18-04-2025 12:36:55","24-04-2025 11:47:25",,",",UNICEF,Submitted,
659145792,"24-04-2025 11:12:47","24-04-2025 11:57:56",,",",UNICEF,Submitted,
659406285,"25-04-2025 09:59:35","25-04-2025 10:34:17",,",",UNICEF,Submitted,
659411359,"16-04-2025 11:45:20","25-04-2025 11:20:20",,",",UNICEF,Submitted,
659414943,"23-04-2025 12:16:25","25-04-2025 11:49:03",,",",UNICEF,Submitted,
659420131,"16-04-2025 12:41:13","25-04-2025 12:20:41",,",",UNICEF,Submitted,
659420683,"24-04-2025 11:47:25","25-04-2025 12:25:15",,",",UNICEF,Submitted,
659425776,"23-04-2025 16:16:19","25-04-2025 12:54:22",,",",UNICEF,Submitted,
660540229,"25-04-2025 11:20:21","30-04-2025 10:56:06",,",",UNICEF,Submitted,
660549343,"18-04-2025 12:50:33","30-04-2025 11:40:01",,",",UNICEF,Submitted,
660560821,"25-04-2025 12:54:22","30-04-2025 12:22:18",,",",UNICEF,Submitted,
660564947,"30-04-2025 12:20:01","30-04-2025 12:37:27",,",",UNICEF,Submitted,
660912001,"26-03-2025 12:41:58","01-05-2025 10:50:22",,",",UNICEF,Submitted,
660923905,"02-04-2025 12:11:01","01-05-2025 12:29:06",,",",UNICEF,Submitted,
660924102,"04-04-2025 12:51:15","01-05-2025 12:30:34",,",",UNICEF,Submitted,
